ID,Code,Easting,Northing,Elevation,Sd,HA,VA,PC,TH
4001,zkaj,545707.2056,202205.4489,325.0069,62.0292,77.3013,91.2400,-0.0070,1.3000
4002,zktj,545704.3162,202206.1155,326.0057,61.3348,74.4916,90.2857,-0.0070,1.3000
4003,zktb,545701.6931,202206.9033,325.7951,61.0091,72.1625,90.4059,-0.0070,1.3000
4004,zkab,545700.2558,202207.2337,325.2521,60.7953,70.5406,91.1150,-0.0070,1.3000
4005,zkab,545687.2268,202166.9434,325.6399,18.6519,77.4728,92.4245,-0.0070,1.3000
4006,zktb,545688.3218,202166.3100,326.1721,18.6284,81.4102,91.0439,-0.0070,1.3000
4007,zktj,545690.9597,202165.2743,326.3383,19.3344,89.5846,90.3243,-0.0070,1.3000
4008,zkaj,545693.0527,202164.0708,325.3519,19.9348,96.5028,93.2201,-0.0070,1.3000
4009,fvo,545693.0697,202164.6678,325.5157,20.3502,95.3842,92.5011,-0.0070,1.3000
4010,fvo,545693.4652,202165.5137,325.5576,21.2236,94.4520,92.3622,-0.0070,1.3000
4011,fvo,545692.5527,202165.9058,325.6865,20.8742,92.1258,92.1744,-0.0070,1.3000
4012,szko,545691.0150,202159.5260,326.2825,15.4291,104.0042,90.5327,-0.0070,1.3000
4013,zkaj,545674.5278,202119.4398,325.7621,31.3077,237.1828,91.2330,-0.0070,1.3000
4014,zktj,545672.5121,202120.6112,326.6374,30.4707,241.2111,89.4701,-0.0070,1.3000
4015,zktb,545669.9596,202121.7455,326.6237,29.9872,246.3414,89.4822,-0.0070,1.3000
4016,zkab,545668.3709,202122.3012,326.0715,29.9594,249.4719,90.5145,-0.0070,1.3000
4017,fvo,545673.9371,202118.3610,325.9199,32.4527,238.0556,91.0350,-0.0070,1.3000
4018,fvo,545673.6084,202117.5859,325.9271,33.2670,238.2813,91.0131,-0.0070,1.3000
4019,fvo,545673.1227,202118.6893,325.9806,32.2532,239.3651,90.5745,-0.0070,1.3000
4020,szko,545645.2837,202070.3095,327.3405,86.7966,252.2859,89.2735,-0.0070,1.3000
4021,zkab,545644.7224,202068.9001,326.6339,88.3097,252.2809,89.5539,-0.0070,1.3000
4022,zktb,545646.0156,202068.2593,327.2295,88.4210,251.3209,89.3230,-0.0070,1.3000
4023,zktj,545648.7575,202066.9371,327.1448,88.6935,249.3427,89.3552,-0.0070,1.3000
4024,zkaj,545650.0405,202066.4608,326.5318,88.7197,248.4125,89.5938,-0.0070,1.3000
4025,fvo,545648.5344,202058.7752,327.8013,96.4960,248.0417,89.1426,-0.0070,1.3000
4026,fvo,545648.8764,202059.6148,327.8247,95.5921,248.0159,89.1309,-0.0070,1.3000
4027,fvo,545649.3649,202058.4307,328.0973,96.5738,247.3222,89.0356,-0.0070,1.3000
4028,folyoka,545647.2639,202058.4355,327.2459,97.2143,248.4315,89.3424,-0.0070,1.3000
4029,folyoka,545647.5158,202058.6915,327.4691,96.8930,248.3743,89.2624,-0.0070,1.3000
4030,folyoka,545647.1359,202058.0878,327.5340,97.5873,248.4335,89.2421,-0.0070,1.3000
4031,folyoka,545650.1123,202056.4923,327.7272,98.1990,246.4655,89.1749,-0.0070,1.3000
4032,folyoka,545650.3985,202056.7747,328.0296,97.8502,246.4010,89.0702,-0.0070,1.3000
4033,folyoka,545649.8902,202056.1573,328.0312,98.5882,246.5057,89.0723,-0.0070,1.3000
4034,zkaj,545620.7431,201999.8636,327.2205,161.3249,250.5656,89.4507,-0.0070,1.3000
4035,zktj,545619.5631,202000.4025,327.7960,161.2533,251.2432,89.3251,-0.0070,1.3000
4036,zktb,545617.0215,202001.5335,327.8248,161.1543,252.2349,89.3213,-0.0070,1.3000
4037,zkab,545615.7895,202002.0533,327.1772,161.1457,252.5221,89.4602,-0.0070,1.3000
4038,fvo,545622.0177,201998.4313,328.3097,162.2228,250.2050,89.2207,-0.0070,1.3000
4039,fvo,545622.3382,201999.2412,328.3382,161.3525,250.2026,89.2118,-0.0070,1.3000
4040,fvo,545623.1380,201998.9473,328.3598,161.3518,250.0217,89.2051,-0.0070,1.3000
4041,bizber,545655.8830,202094.0620,326.6646,60.7959,251.4954,89.5157,-0.0070,1.3000
4042,tel,545662.3182,202109.4615,326.1630,44.1094,251.3137,90.2801,-0.0070,1.3000
4043,bizber,545662.2827,202109.9615,326.4299,43.6567,251.4842,90.0717,-0.0070,1.3000
4044,szko,545710.8275,202362.5903,323.9387,101.6691,62.5950,90.5458,0.0020,1.3000
4045,szko,545716.5727,202357.5867,324.7024,96.5446,66.1530,90.3042,-0.0070,1.3000
4046,zkaj,545715.2159,202357.0351,324.0958,95.9995,65.2703,90.5236,-0.0070,1.3000
4047,zktj,545713.9137,202356.9874,324.5433,95.9634,64.4023,90.3635,-0.0070,1.3000
4048,zktb,545711.1859,202356.6955,324.3481,95.7676,63.0215,90.4340,-0.0070,1.3000
4049,zkab,545709.7261,202356.7287,323.8954,95.8895,62.1001,90.5950,-0.0070,1.3000
4050,zkab,545711.9731,202334.7732,324.0790,73.8407,62.4915,91.0910,-0.0070,1.3000
4051,zktb,545713.4339,202334.7813,324.6124,73.7779,63.5716,90.4422,-0.0070,1.3000
4052,zktj,545716.3069,202334.9987,324.7889,73.9555,66.1107,90.3603,-0.0070,1.3000
4053,zkaj,545717.4243,202335.0965,324.2361,74.0766,67.0258,91.0139,-0.0070,1.3000
4054,fvo,545719.7733,202333.7299,325.2412,72.7883,68.5518,90.1516,-0.0070,1.3000
4055,fvo,545720.7763,202333.8989,325.5762,73.0173,69.4201,89.5927,-0.0070,1.3000
4056,fvo,545719.7180,202334.7765,325.3882,73.8299,68.5006,90.0812,-0.0070,1.3000
4057,zkab,545712.9417,202323.8347,324.2670,62.8661,63.1050,91.1057,-0.0070,1.3000
4058,zktb,545714.1550,202323.9892,324.6826,62.9691,64.1724,90.4809,-0.0070,1.3000
4059,zktj,545716.9408,202323.9154,324.8822,62.8799,66.4937,90.3718,-0.0070,1.3000
4060,zkaj,545718.1621,202323.9119,324.3469,62.9178,67.5622,91.0632,-0.0070,1.3000
4061,zkaj,545718.6586,202308.9571,324.5853,48.0012,69.1129,91.1008,-0.0070,1.3000
4062,zktj,545717.4665,202308.8509,325.0494,47.8326,67.4623,90.3701,-0.0070,1.3000
4063,zktb,545714.6559,202308.9043,324.8268,47.8758,64.2423,90.5258,-0.0070,1.3000
4064,zkab,545713.6724,202308.9330,324.4530,47.9461,63.1354,91.1942,-0.0070,1.3000
4065,zkab,545713.2813,202292.7562,324.5616,31.8262,61.1236,91.4821,-0.0070,1.3000
4066,zktb,545714.4921,202292.6073,325.0190,31.5920,63.2242,90.5922,-0.0070,1.3000
4067,zktj,545717.4677,202292.4382,325.2009,31.4338,68.4736,90.3945,-0.0070,1.3000
4068,zkaj,545718.5201,202292.4290,324.7648,31.5047,70.4226,91.2716,-0.0070,1.3000
4069,fvo,545720.5078,202290.9362,325.1329,30.2530,74.4211,90.4903,-0.0070,1.3000
4070,fvo,545720.5883,202291.9192,325.1809,31.2360,74.3415,90.4212,-0.0070,1.3000
4071,fvo,545721.2450,202290.8656,325.4380,30.3033,76.0605,90.1420,-0.0070,1.3000
4072,zkaj,545718.2800,202282.0120,324.8512,21.1169,72.2759,91.5609,-0.0070,1.3000
4073,zktj,545716.9993,202282.0170,325.3489,21.0014,68.5927,90.3516,-0.0070,1.3000
4074,zktb,545713.9652,202282.4281,325.1015,21.4664,60.4843,91.1409,-0.0070,1.3000
4075,zkab,545712.9027,202282.4003,324.6976,21.5700,57.5923,92.1813,-0.0070,1.3000
4076,zkab,545711.9576,202268.2252,324.8052,8.1951,37.2329,95.1911,-0.0070,1.3000
4077,zktb,545712.9247,202268.1662,325.2078,7.6998,43.3205,92.3924,-0.0070,1.3000
4078,zktj,545715.7642,202267.7705,325.5164,6.7223,65.1058,90.2431,-0.0070,1.3000
4079,zkaj,545717.1538,202267.5994,325.0036,6.7048,77.1056,94.4809,-0.0070,1.3000
4080,szko,545709.2782,202257.7869,325.6997,7.3385,309.2022,88.5632,-0.0070,1.3000
4081,zkab,545709.3094,202248.9420,324.8499,13.7872,274.0858,92.5819,-0.0070,1.3000
4082,zktb,545710.5133,202248.9038,325.3002,13.2775,269.2923,91.0825,-0.0070,1.3000
4083,zktj,545713.4377,202248.3670,325.6609,12.9214,256.3225,89.3418,-0.0070,1.3000
4084,zkaj,545714.8138,202247.7584,325.1737,13.3496,250.1358,91.4039,-0.0070,1.3000
4085,fvo,545716.7259,202247.6798,325.8143,13.4146,242.0150,88.5553,-0.0070,1.3000
4086,fvo,545716.8553,202248.5046,325.7838,12.6012,241.1141,89.0005,-0.0070,1.3000
4087,fvo,545717.6295,202248.4136,326.0206,12.7835,237.4547,87.5712,-0.0070,1.3000
4088,zkab,545707.3671,202236.8360,324.9266,25.6738,265.0611,91.2526,-0.0070,1.3000
4089,zktb,545708.6297,202236.6663,325.5226,25.4398,262.1727,90.0538,-0.0070,1.3000
4090,zktj,545711.4699,202236.2035,325.7722,25.2414,255.4740,89.3141,-0.0070,1.3000
4091,zkaj,545712.8842,202235.8270,325.3558,25.4091,252.3013,90.2814,-0.0070,1.3000
4092,zkab,545704.4723,202221.9665,325.0872,40.7182,262.0214,90.4017,-0.0070,1.3000
4093,zktb,545705.4067,202221.8352,325.5540,40.5913,260.4307,90.0053,-0.0070,1.3000
4094,zktj,545708.2043,202221.3073,325.8972,40.4835,256.4146,89.3144,-0.0070,1.3000
4095,zkaj,545709.8883,202220.8044,325.4460,40.6961,254.1359,90.0960,-0.0070,1.3000
4096,fvo,545706.9853,202206.7348,325.3345,55.0453,255.0450,90.1421,-0.0070,1.3000
4097,fvo,545706.7275,202205.9134,325.3104,55.8978,255.1221,90.1537,-0.0070,1.3000
4098,fvo,545705.8757,202206.1187,325.4890,55.8403,256.0609,90.0438,-0.0070,1.3000
4099,mutargy,545708.1902,202210.6782,324.9884,50.9652,254.2724,90.3851,-0.0070,1.3000
4100,mutargy,545708.7791,202213.3632,324.9634,48.2230,254.1437,90.4251,-0.0070,1.3000
4101,mutargy,545701.4826,202215.0663,324.9408,48.1893,263.0936,90.4429,-0.0070,1.3000
4102,mutargy,545701.5012,202215.0708,324.9405,48.1795,263.0826,90.4431,-0.0070,1.3000
4103,mutargy,545700.8874,202212.4339,324.9625,50.8794,262.5459,90.4040,-0.0070,1.3000
