RTCM0325,531700.542,224740.062,144.277,
201,545617.642,202037.849,328.786,kabelko
202,545608.869,202014.691,328.060,kabelko
203,545591.476,201983.017,326.323,kabelko
204,545574.994,201967.576,320.708,kabelko
205,545568.008,201956.580,319.960,kabelko
206,545560.507,201944.392,319.201,kabelko
207,545540.724,201905.451,319.383,kabelko
208,545536.065,201895.741,319.529,kabelko
209,545519.541,201866.623,320.859,kabelko
210,545514.684,201834.974,320.843,kabelko
211,545512.347,201836.136,320.808,kabelakna
212,545511.252,201836.897,320.846,kabelakna
213,545510.068,201835.183,320.849,kabelakna
214,545511.156,201834.433,320.858,kabelakna
20101,545636.210,202075.762,329.334,kabelarok
20102,545635.128,202076.234,329.336,kabelarok
20103,545634.227,202074.312,329.032,kabelarok
20104,545635.208,202073.853,329.032,kabelarok
20105,545634.887,202073.119,328.535,kabelarok
20106,545633.835,202073.516,328.518,kabelarok
20107,545633.699,202073.637,329.315,kabelarok
20108,545634.925,202072.820,329.429,kabelarok
20109,545626.073,202054.720,328.246,kabelarok
20110,545625.089,202055.109,328.258,kabelarok
20111,545624.757,202055.095,329.189,kabelarok
20112,545626.253,202054.309,329.275,kabelarok
20501,545622.935,202048.335,328.418,GSMR kabel
20502,545625.343,202053.596,328.338,GSMR kabel
20503,545629.697,202063.152,328.183,GSMR kabel
20504,545634.307,202072.585,328.340,GSMR kabel
9001,545462.515,201964.524,320.949,Depo
9002,545462.577,201964.467,322.140,Depo
9003,545403.192,201884.350,317.517,Depo
9004,545403.146,201884.311,318.618,Depo
9005,545369.034,201905.008,319.794,Depo
9006,545369.002,201904.946,320.809,Depo
9007,545384.560,201925.782,321.782,Depo
9008,545393.866,201938.325,321.723,Depo
9009,545403.163,201950.774,322.456,Depo
9010,545413.942,201965.286,322.497,Depo
9011,545424.091,201978.930,323.521,Depo
9012,545429.811,201984.425,323.715,Depo
9013,545441.243,202003.386,324.174,Depo
9014,545424.116,201979.001,322.486,Depo
9015,545429.679,201984.365,322.633,Depo
9016,545449.646,202017.358,325.096,Depo
9017,545457.951,202031.045,325.385,Depo
9018,545468.580,202048.508,326.606,Depo
9019,545476.205,202061.170,326.815,Depo
9020,545485.104,202076.019,327.760,Depo
9021,545485.132,202076.051,326.730,Depo
9022,545496.901,202070.373,326.719,Depo
9023,545505.923,202065.976,326.166,Depo
9024,545521.840,202058.384,325.783,Depo
9025,545521.906,202058.271,324.802,Depo
9026,545467.076,201970.435,321.993,Depo
9027,545467.088,201970.478,320.956,Depo
20505,545541.229,201905.054,319.331,GSMR kabel
20506,545536.056,201895.590,319.484,GSMR kabel
20507,545528.750,201884.771,319.650,GSMR kabel
20508,545525.823,201879.719,319.938,GSMR kabel
20509,545522.779,201874.174,320.189,GSMR kabel
20510,545519.248,201867.965,320.826,GSMR kabel
20511,545517.646,201861.638,320.986,GSMR kabel
20512,545515.922,201853.448,320.708,GSMR kabel
20513,545512.530,201849.240,320.297,GSMR kabel
20001,545610.338,201967.314,329.244,Ideigvezoszlop
20002,545594.566,201925.159,328.743,Ideigvezoszlop
20003,545575.510,201878.359,328.024,Ideigvezoszlop
20004,545560.422,201856.665,328.306,Ideigvezoszlop
800100,545540.480,201871.047,321.474,Lepcso
800101,545544.593,201868.338,321.464,Lepcso
800102,545549.032,201866.314,321.571,Lepcso
800103,545551.277,201865.126,321.613,Lepcso
800104,545553.583,201863.482,321.845,Lepcso
800105,545555.924,201867.555,322.029,Lepcso
800106,545559.010,201873.820,321.981,Lepcso
800107,545554.995,201875.871,321.539,Lepcso
800108,545552.288,201871.884,321.436,Lepcso
800109,545548.457,201872.363,321.449,Lepcso
800110,545545.579,201874.394,321.343,Lepcso
800111,545548.778,201875.742,321.527,Lepcso
800112,545552.701,201877.180,321.503,Lepcso
800113,545554.626,201879.221,321.470,Lepcso
800114,545556.538,201876.750,321.656,Lepcso
800115,545560.246,201883.828,321.699,Lepcso
800116,545560.599,201887.714,321.684,Lepcso
800117,545564.583,201897.629,321.705,Lepcso
800118,545566.867,201902.160,321.724,Lepcso
800119,545570.599,201901.673,322.252,Lepcso
800120,545574.097,201908.089,321.948,Lepcso
800121,545573.789,201908.310,321.878,Lepcso
800122,545577.428,201917.541,321.075,Lepcso
800123,545570.305,201920.758,320.576,Lepcso
800124,545570.785,201915.415,320.828,Lepcso
800125,545569.081,201909.735,321.248,Lepcso
800126,545567.863,201906.547,321.424,Lepcso
800127,545569.959,201912.770,321.363,Lepcso
800128,545570.066,201917.719,321.069,Lepcso
800129,545568.612,201919.584,321.066,Lepcso
800130,545565.541,201915.259,321.001,Lepcso
800131,545564.222,201912.850,321.201,Lepcso
800132,545562.439,201908.504,321.397,Lepcso
800133,545560.472,201903.925,321.563,Lepcso
800134,545558.139,201900.824,321.435,Lepcso
800135,545553.260,201893.872,321.474,Lepcso
800136,545550.698,201892.493,321.237,Lepcso
800137,545547.717,201886.425,321.368,Lepcso
800138,545543.345,201876.126,321.443,Lepcso
800200,545539.995,201870.839,321.795,Lepcso
800201,545545.723,201867.428,321.907,Lepcso
800202,545553.577,201863.240,322.236,Lepcso
800203,545552.916,201862.284,322.227,Lepcso
800204,545548.599,201864.558,322.128,Lepcso
800205,545539.071,201869.819,321.842,Lepcso
800300,545548.106,201873.665,322.208,Lepcso
800301,545549.849,201874.541,322.174,Lepcso
800302,545551.716,201873.968,322.422,Lepcso
800303,545553.776,201876.757,322.275,Lepcso
800304,545556.459,201876.172,322.005,Lepcso
800305,545560.402,201883.795,321.876,Lepcso
800306,545560.793,201887.464,322.017,Lepcso
800307,545565.180,201898.942,321.898,Lepcso
800308,545567.054,201900.881,321.996,Lepcso
800309,545565.920,201896.585,322.093,Lepcso
800310,545563.943,201892.206,322.105,Lepcso
800311,545561.611,201887.369,322.041,Lepcso
800312,545560.726,201883.514,322.030,Lepcso
800313,545557.113,201876.568,322.038,Lepcso
800314,545556.911,201875.845,322.118,Lepcso
800400,545539.764,201868.891,322.497,Lepcso
800401,545545.882,201865.591,322.697,Lepcso
800402,545553.248,201861.757,323.035,Lepcso
800403,545552.497,201860.263,323.107,Lepcso
800404,545547.760,201862.658,322.883,Lepcso
800405,545540.340,201866.810,322.640,Lepcso
800500,545559.374,201874.031,322.876,Lepcso
800501,545557.199,201876.119,322.695,Lepcso
800502,545560.899,201883.407,322.715,Lepcso
800503,545561.932,201887.568,322.549,Lepcso
800504,545565.146,201893.700,322.506,Lepcso
800505,545568.472,201900.459,322.500,Lepcso
800506,545570.283,201901.025,322.540,Lepcso
800507,545574.187,201908.055,322.452,Lepcso
800508,545578.762,201917.924,322.020,Lepcso
800509,545569.382,201922.223,321.585,Lepcso
800510,545565.920,201924.031,321.417,Lepcso
800511,545567.022,201927.087,321.239,Lepcso
800512,545569.511,201926.656,321.303,Lepcso
800513,545574.331,201924.212,321.617,Lepcso
800514,545582.320,201920.722,322.180,Lepcso
800515,545574.930,201905.138,322.547,Lepcso
800516,545566.511,201887.853,322.810,Lepcso
800600,545552.595,201860.302,323.301,Lepcso
800601,545557.052,201868.979,323.162,Lepcso
800602,545564.693,201884.149,323.005,Lepcso
800603,545576.467,201907.941,322.706,Lepcso
800604,545582.809,201921.420,322.473,Lepcso
800605,545583.421,201920.693,322.570,Lepcso
800606,545575.922,201904.846,322.877,Lepcso
800607,545568.931,201890.528,323.043,Lepcso
800608,545560.720,201874.241,323.227,Lepcso
800609,545553.378,201859.830,323.357,Lepcso
800700,545553.501,201859.728,323.789,Lepcso
800701,545566.691,201885.986,323.574,Lepcso
800702,545574.980,201902.908,323.319,Lepcso
800703,545583.769,201920.995,322.962,Lepcso
800704,545584.420,201920.740,323.106,Lepcso
800705,545575.803,201902.334,323.383,Lepcso
800706,545565.136,201880.851,323.641,Lepcso
800707,545554.155,201859.351,323.865,Lepcso
800800,545554.104,201859.156,324.136,Lepcso
800801,545547.408,201862.575,323.783,Lepcso
800802,545540.561,201866.429,323.442,Lepcso
800803,545538.589,201862.300,323.537,Lepcso
800804,545545.566,201858.434,323.789,Lepcso
800805,545552.012,201855.044,324.222,Lepcso
800900,545552.147,201854.963,324.485,Lepcso
800901,545567.579,201885.329,324.063,Lepcso
800902,545574.563,201899.578,323.989,Lepcso
800903,545584.844,201920.881,323.565,Lepcso
800904,545585.647,201920.421,323.657,Lepcso
800905,545577.746,201903.992,323.912,Lepcso
800906,545564.757,201877.932,324.236,Lepcso
800907,545552.923,201854.497,324.471,Lepcso
801000,545553.030,201854.484,325.008,Lepcso
801001,545567.844,201883.740,324.662,Lepcso
801002,545573.767,201895.855,324.483,Lepcso
801003,545585.177,201919.133,324.134,Lepcso
801004,545587.596,201924.283,323.994,Lepcso
801005,545593.069,201935.662,323.801,Lepcso
801006,545595.497,201941.648,323.981,Lepcso
801007,545599.648,201954.014,323.894,Lepcso
801008,545594.978,201955.882,323.681,Lepcso
801009,545589.574,201958.468,323.408,Lepcso
801010,545593.299,201962.517,323.686,Lepcso
801011,545598.078,201960.566,323.936,Lepcso
801012,545602.178,201958.744,324.042,Lepcso
801013,545600.092,201952.344,323.978,Lepcso
801014,545594.557,201936.760,323.850,Lepcso
801015,545588.444,201923.981,324.115,Lepcso
801016,545585.794,201918.635,324.228,Lepcso
801017,545578.840,201904.120,324.440,Lepcso
801018,545569.399,201884.984,324.692,Lepcso
801019,545559.922,201866.203,324.857,Lepcso
801020,545553.857,201854.051,325.090,Lepcso
801100,545553.731,201853.797,325.483,Lepcso
801101,545540.067,201861.069,324.883,Lepcso
801102,545538.037,201856.814,324.934,Lepcso
801103,545546.334,201852.521,325.291,Lepcso
801104,545552.241,201849.287,325.552,Lepcso
801105,545554.530,201853.083,325.596,Lepcso
801106,545560.998,201866.011,325.354,Lepcso
801107,545574.670,201893.392,325.066,Lepcso
801108,545585.433,201915.496,324.731,Lepcso
801109,545595.397,201936.196,324.295,Lepcso
801110,545597.105,201940.505,324.574,Lepcso
801111,545603.078,201958.342,324.768,Lepcso
801112,545602.520,201958.640,324.776,Lepcso
801113,545600.045,201951.844,324.547,Lepcso
801114,545596.828,201942.351,324.561,Lepcso
801115,545594.515,201936.251,324.213,Lepcso
801116,545588.653,201924.030,324.587,Lepcso
801117,545581.414,201909.055,324.715,Lepcso
801118,545572.582,201890.974,325.072,Lepcso
801119,545561.768,201869.630,325.285,Lepcso
801200,545552.469,201848.910,326.149,Lepcso
801201,545568.509,201880.660,325.728,Lepcso
801202,545583.694,201911.719,325.328,Lepcso
801203,545594.575,201934.229,324.833,Lepcso
801204,545598.422,201944.097,325.109,Lepcso
801205,545603.292,201958.600,325.373,Lepcso
801206,545592.431,201963.170,324.910,Lepcso
801207,545595.764,201967.860,325.027,Lepcso
801208,545604.371,201964.250,325.445,Lepcso
801209,545603.491,201959.449,325.430,Lepcso
801210,545604.465,201959.310,325.565,Lepcso
801211,545600.523,201947.451,325.157,Lepcso
801212,545596.679,201936.640,324.892,Lepcso
801213,545590.873,201924.533,325.078,Lepcso
801214,545580.276,201902.492,325.464,Lepcso
801215,545572.851,201887.338,325.694,Lepcso
801216,545561.272,201864.403,325.934,Lepcso
801217,545553.456,201849.017,326.210,Lepcso
801300,545553.692,201848.988,326.728,Lepcso
801301,545564.117,201869.728,326.366,Lepcso
801302,545573.187,201887.694,326.182,Lepcso
801303,545583.764,201909.396,325.863,Lepcso
801304,545592.210,201926.765,325.431,Lepcso
801305,545597.526,201937.857,325.500,Lepcso
801306,545602.686,201953.537,325.800,Lepcso
801307,545604.493,201958.617,326.030,Lepcso
801308,545605.763,201962.680,326.667,Lepcso
801309,545606.063,201964.776,326.644,Lepcso
801310,545607.518,201968.034,326.688,Lepcso
801311,545599.050,201972.035,326.266,Lepcso
801312,545597.639,201970.139,326.096,Lepcso
801313,545595.994,201971.222,326.024,Lepcso
801314,545601.074,201980.271,326.374,Lepcso
801315,545607.543,201977.453,326.661,Lepcso
801316,545610.360,201976.075,326.785,Lepcso
801317,545610.974,201975.223,326.747,Lepcso
801318,545608.342,201969.447,326.757,Lepcso
801319,545608.907,201968.906,326.815,Lepcso
801320,545606.919,201962.625,326.740,Lepcso
801321,545604.968,201957.433,326.037,Lepcso
801322,545598.567,201938.451,325.662,Lepcso
801323,545585.761,201911.550,325.897,Lepcso
801324,545573.910,201887.317,326.236,Lepcso
801325,545571.606,201882.783,326.292,Lepcso
801326,545554.353,201848.659,326.744,Lepcso
801500,545549.391,201844.938,328.094,Lepcso
801501,545538.745,201850.005,327.501,Lepcso
801502,545537.233,201846.623,327.725,Lepcso
801503,545547.126,201841.090,328.222,Lepcso
801400,545550.430,201844.702,326.990,Lepcso
801401,545537.426,201851.938,326.286,Lepcso
801402,545539.512,201855.555,326.212,Lepcso
801403,545548.024,201851.570,326.645,Lepcso
801404,545552.990,201848.349,327.022,Lepcso
801405,545553.636,201848.859,327.000,Lepcso
801406,545554.530,201848.455,327.147,Lepcso
801407,545563.588,201866.756,327.234,Lepcso
801408,545570.022,201879.528,327.187,Lepcso
801409,545571.629,201881.969,326.794,Lepcso
801410,545572.189,201881.967,326.522,Lepcso
801411,545572.644,201882.110,326.819,Lepcso
801412,545572.221,201883.836,326.995,Lepcso
801413,545581.447,201902.254,327.290,Lepcso
801414,545584.979,201909.745,326.899,Lepcso
801415,545589.995,201919.888,326.713,Lepcso
801416,545595.194,201930.932,326.762,Lepcso
801417,545598.356,201937.723,326.734,Lepcso
801418,545600.971,201945.395,326.667,Lepcso
801419,545604.949,201957.159,326.935,Lepcso
801420,545607.522,201962.521,327.629,Lepcso
801421,545609.735,201968.988,327.372,Lepcso
801422,545606.800,201959.437,327.678,Lepcso
801423,545602.543,201945.962,327.777,Lepcso
801424,545600.790,201940.415,327.821,Lepcso
801425,545595.242,201928.846,327.625,Lepcso
801426,545584.976,201907.690,327.409,Lepcso
801427,545581.515,201902.222,327.308,Lepcso
801600,545600.448,201980.668,327.001,Lepcso
801601,545596.754,201973.489,326.845,Lepcso
801602,545594.803,201979.219,326.773,Lepcso
801603,545591.053,201962.990,325.443,Lepcso
801604,545586.398,201965.127,325.043,Lepcso
801605,545585.363,201954.766,323.731,Lepcso
801606,545579.944,201956.527,323.516,Lepcso
801607,545579.111,201946.173,322.706,Lepcso
801608,545572.665,201947.009,321.931,Lepcso
801609,545566.733,201943.109,320.562,Lepcso
801610,545573.002,201938.923,321.287,Lepcso
801611,545579.952,201944.508,321.495,Lepcso
801612,545584.581,201949.830,321.709,Lepcso
801613,545587.214,201953.826,321.894,Lepcso
801614,545595.060,201950.555,322.235,Lepcso
801615,545592.248,201941.632,322.159,Lepcso
801616,545584.796,201925.705,322.028,Lepcso
801700,545584.312,201924.459,322.388,Lepcso
801701,545589.454,201935.200,322.213,Lepcso
801702,545592.530,201942.129,322.445,Lepcso
801703,545595.167,201950.532,322.236,Lepcso
801704,545595.985,201950.208,322.432,Lepcso
801705,545593.689,201942.886,322.457,Lepcso
801706,545591.552,201937.434,322.255,Lepcso
801707,545585.049,201923.976,322.588,Lepcso
801800,545585.163,201923.997,322.934,Lepcso
801801,545590.710,201935.141,322.747,Lepcso
801802,545593.105,201940.663,322.875,Lepcso
801803,545596.169,201950.449,322.713,Lepcso
801804,545587.313,201954.176,322.426,Lepcso
801805,545590.219,201958.014,322.571,Lepcso
801806,545598.462,201954.432,322.991,Lepcso
801807,545597.111,201949.966,322.863,Lepcso
801808,545594.450,201942.214,323.045,Lepcso
801809,545592.248,201936.660,322.736,Lepcso
801810,545585.959,201923.554,323.072,Lepcso
801900,545586.105,201923.486,323.645,Lepcso
801901,545591.406,201934.325,323.232,Lepcso
801902,545594.169,201941.110,323.414,Lepcso
801903,545598.618,201954.384,323.455,Lepcso
801904,545599.645,201953.923,323.560,Lepcso
801905,545596.115,201943.570,323.522,Lepcso
801906,545591.481,201932.519,323.402,Lepcso
801907,545586.822,201922.802,323.777,Lepcso
801617,545581.012,201927.053,321.779,Lepcso
801618,545570.483,201932.020,321.410,Lepcso
801619,545569.032,201929.068,321.400,Lepcso
802000,545572.075,201929.954,319.735,Lepcso
802001,545576.690,201927.992,319.560,Lepcso
802002,545578.918,201927.003,320.442,Lepcso
802003,545584.309,201924.517,321.218,Lepcso
802004,545584.606,201924.035,322.104,Lepcso
802005,545584.917,201922.502,322.408,Lepcso
802006,545583.408,201921.485,322.419,Lepcso
802007,545583.027,201921.670,321.163,Lepcso
802008,545579.578,201923.302,320.536,Lepcso
802009,545576.316,201924.890,320.333,Lepcso
802010,545575.374,201925.368,319.633,Lepcso
802011,545571.958,201926.989,319.725,Lepcso
802012,545571.043,201928.793,320.111,Lepcso
