Name,Code,Linename,Chainage,Easting,Northing,Elevation,Sd,VA,Cant,Gauge,Lateral (center),Elevation (center),Lateral canted (center),Elevation canted (center),Lateral (rail),Elevation (rail),Lateral canted (rail),Elevation canted (rail),Lateral (center),Elevation (height ref. rail),Reference
108,piller,L01,68407.9940,545323.668,201460.686,339.158,15.847,73.5422,0.0024,1.4324,-15.231,5.018,-15.223,5.043,-14.517,5.019,-14.508,5.043,-15.231,5.019,2
109,ft,L01,68407.9940,545330.676,201456.992,339.570,8.735,56.4343,0.0024,1.4324,-7.309,5.430,-7.300,5.442,-6.594,5.431,-6.585,5.442,-7.309,5.431,2
110,ft,L01,68407.9940,545336.357,201453.997,339.880,5.168,9.4919,0.0024,1.4324,-0.888,5.740,-0.878,5.742,-0.173,5.741,-0.164,5.742,-0.888,5.741,2
111,ft,L01,68407.9940,545340.670,201451.702,338.065,5.168,309.1432,0.0024,1.4324,3.999,3.925,4.005,3.919,3.281,3.924,3.288,3.919,3.999,3.926,2
112,ft,L01,68407.9940,545350.740,201446.416,340.723,16.475,291.0057,0.0024,1.4324,15.372,6.583,15.382,6.558,14.654,6.582,14.665,6.558,15.372,6.584,2
113,piller,L01,68407.9940,545351.252,201446.145,340.644,16.989,290.0355,0.0024,1.4323,15.950,6.504,15.961,6.479,15.233,6.503,15.243,6.479,15.950,6.506,2
114,piller,L01,68410.5800,545331.779,201459.298,335.833,7.490,81.4442,0.0014,1.4321,-7.410,1.718,-7.409,1.725,-6.696,1.719,-6.694,1.725,-7.410,1.719,2
115,piller,L01,68410.5800,545331.782,201459.325,338.443,8.285,63.3504,0.0015,1.4321,-7.420,4.328,-7.416,4.335,-6.706,4.329,-6.702,4.335,-7.420,4.329,2
116,ft,L01,68410.5800,545331.897,201459.266,338.542,8.214,62.3345,0.0014,1.4321,-7.291,4.428,-7.287,4.435,-6.577,4.428,-6.572,4.435,-7.291,4.428,2
117,ft,L01,68410.5800,545335.028,201457.620,339.256,5.856,39.5113,0.0014,1.4321,-3.754,5.142,-3.749,5.145,-3.040,5.143,-3.035,5.145,-3.754,5.143,2
118,ft,L01,68410.5800,545337.777,201456.172,339.638,4.916,7.3212,0.0015,1.4321,-0.647,5.523,-0.641,5.524,0.068,5.524,0.073,5.524,-0.647,5.524,2
119,ft,L01,68410.5800,545338.337,201455.872,339.195,4.431,0.0814,0.0014,1.4321,-0.012,5.081,-0.007,5.081,0.703,5.081,0.707,5.081,-0.012,5.081,2
120,ft,L01,68410.5800,545340.386,201454.795,339.743,5.484,335.0855,0.0014,1.4321,2.303,5.628,2.308,5.626,1.585,5.628,1.591,5.626,2.303,5.629,2
121,ft,L01,68410.5800,545343.356,201453.225,339.565,7.421,310.1511,0.0014,1.4321,5.662,5.451,5.667,5.445,4.945,5.450,4.950,5.445,5.662,5.451,2
122,ft,L01,68410.5800,545345.343,201452.172,339.293,9.113,299.4440,0.0014,1.4321,7.911,5.179,7.916,5.171,7.194,5.178,7.199,5.171,7.911,5.179,2
123,piller,L01,68410.5800,545345.391,201452.146,339.200,9.115,299.0348,0.0014,1.4321,7.966,5.085,7.971,5.078,7.249,5.085,7.254,5.078,7.966,5.086,2
124,piller,L01,68410.5800,545345.408,201452.099,335.749,8.060,276.5750,0.0014,1.4321,8.003,1.635,8.004,1.627,7.285,1.634,7.287,1.627,8.003,1.635,2
125,piller,L01,68416.6450,545348.238,201457.469,335.886,8.084,278.1935,0.0027,1.4302,8.000,1.835,8.004,1.820,7.283,1.833,7.286,1.820,8.000,1.836,2
126,piller,L01,68416.6450,545348.236,201457.508,339.264,9.190,299.4023,0.0027,1.4302,7.980,5.213,7.990,5.199,7.263,5.212,7.272,5.199,7.980,5.215,2
127,ft,L01,68416.6450,545348.182,201457.536,339.275,9.142,299.5513,0.0027,1.4302,7.920,5.224,7.929,5.210,7.202,5.223,7.212,5.210,7.920,5.225,2
128,ft,L01,68416.6450,545344.623,201459.419,339.695,6.330,321.5912,0.0027,1.4302,3.894,5.644,3.904,5.637,3.176,5.643,3.186,5.637,3.894,5.645,2
129,ft,L01,68416.6450,545342.948,201460.303,339.727,5.408,338.1428,0.0027,1.4302,2.000,5.676,2.010,5.673,1.283,5.675,1.293,5.673,2.000,5.678,2
130,ft,L01,68416.6450,545341.229,201461.209,339.671,4.971,359.1749,0.0027,1.4302,0.056,5.620,0.066,5.620,-0.661,5.619,-0.651,5.620,0.056,5.622,2
131,ft,L01,68416.6450,545338.606,201462.590,339.377,5.509,31.4841,0.0027,1.4302,-2.908,5.326,-2.898,5.331,-2.195,5.327,-2.186,5.331,-2.908,5.327,2
132,ft,L01,68416.6450,545336.871,201463.502,339.083,6.553,47.5523,0.0027,1.4302,-4.868,5.032,-4.859,5.041,-4.155,5.034,-4.146,5.041,-4.868,5.034,2
133,ft,L01,68416.6450,545334.656,201464.664,338.518,8.303,62.3146,0.0027,1.4302,-7.370,4.467,-7.362,4.480,-6.657,4.468,-6.649,4.480,-7.370,4.468,2
134,piller,L01,68416.6450,545334.641,201464.672,338.483,8.302,62.4736,0.0027,1.4302,-7.386,4.432,-7.378,4.445,-6.674,4.434,-6.666,4.445,-7.386,4.434,2
135,piller,L01,68416.6450,545334.644,201464.640,335.742,7.446,81.5137,0.0027,1.4302,-7.369,1.691,-7.366,1.704,-6.656,1.692,-6.653,1.704,-7.369,1.692,2
136,piller,L01,68418.7440,545328.593,201470.237,338.524,15.811,75.5103,0.0021,1.4315,-15.333,4.493,-15.327,4.515,-14.619,4.494,-14.613,4.515,-15.333,4.494,2
137,piller,L01,68418.7440,545328.598,201470.240,339.063,15.948,73.5760,0.0021,1.4315,-15.330,5.033,-15.323,5.054,-14.616,5.034,-14.609,5.054,-15.330,5.034,2
138,ft,L01,68418.7440,545328.825,201470.122,339.163,15.730,73.2144,0.0021,1.4315,-15.074,5.132,-15.067,5.153,-14.360,5.133,-14.353,5.153,-15.074,5.133,2
139,ft,L01,68418.7440,545334.706,201467.023,339.510,9.716,60.0645,0.0021,1.4315,-8.427,5.479,-8.420,5.491,-7.713,5.480,-7.706,5.491,-8.427,5.480,2
140,ft,L01,68418.7440,545338.886,201464.820,339.742,6.273,36.0725,0.0021,1.4315,-3.702,5.711,-3.694,5.717,-2.988,5.712,-2.980,5.717,-3.702,5.712,2
141,ft,L01,68418.7440,545342.105,201463.124,339.930,5.250,0.3834,0.0021,1.4315,-0.063,5.899,-0.055,5.899,0.651,5.900,0.659,5.899,-0.063,5.900,2
142,ft,L01,68418.7440,545344.264,201461.987,340.054,5.875,336.0536,0.0021,1.4315,2.376,6.024,2.385,6.021,1.659,6.023,1.667,6.021,2.376,6.025,2
143,ft,L01,68418.7440,545351.902,201457.963,340.486,12.444,297.4343,0.0021,1.4315,11.010,6.455,11.019,6.440,10.293,6.454,10.302,6.440,11.010,6.456,2
144,ft,L01,68418.7440,545356.207,201455.694,340.711,16.980,290.4329,0.0021,1.4315,15.876,6.681,15.885,6.658,15.158,6.680,15.167,6.658,15.876,6.682,2
145,piller,L01,68418.7440,545356.252,201455.670,340.623,16.997,290.2302,0.0021,1.4315,15.927,6.592,15.936,6.570,15.210,6.591,15.219,6.570,15.927,6.593,2
146,piller,L01,68418.7440,545356.225,201455.675,339.801,16.702,287.4629,0.0021,1.4315,15.901,5.771,15.909,5.749,15.183,5.770,15.191,5.749,15.901,5.772,2
147,fvo,L01,68488.7010,545377.413,201523.518,333.023,3.129,252.2354,0.0064,1.4319,2.987,-0.284,2.986,-0.297,2.270,-0.287,2.269,-0.297,2.987,-0.281,2
148,fvo,L01,68488.7010,545377.484,201523.551,339.393,6.226,330.3541,0.0064,1.4319,3.034,6.086,3.060,6.073,2.317,6.083,2.343,6.073,3.034,6.089,2
149,fvo,L01,68544.6210,545403.575,201572.936,332.414,3.217,251.0447,0.0011,1.4309,3.048,-0.391,3.047,-0.393,2.330,-0.391,2.330,-0.393,3.048,-0.390,2
150,fvo,L01,68544.6210,545403.652,201572.963,338.317,5.767,327.2709,0.0011,1.4309,3.103,5.513,3.107,5.511,2.385,5.513,2.390,5.511,3.103,5.514,2
151,fvo,L01,68655.1860,545455.211,201670.769,331.248,3.233,249.5932,-0.0026,1.4306,3.042,-0.462,3.043,-0.456,2.324,-0.460,2.325,-0.456,3.042,-0.463,2
152,fvo,L01,68655.1860,545455.280,201670.774,335.080,4.121,311.2524,-0.0026,1.4306,3.101,3.371,3.095,3.376,2.383,3.372,2.377,3.376,3.101,3.369,2
153,fvo,L01,68711.6770,545481.680,201720.678,330.865,3.300,253.1359,0.0002,1.4352,3.160,-0.302,3.160,-0.302,2.442,-0.302,2.442,-0.302,3.160,-0.302,2
154,fvo,L01,68711.6770,545481.679,201720.742,336.669,5.774,327.1120,0.0002,1.4352,3.128,5.503,3.129,5.502,2.411,5.503,2.412,5.502,3.128,5.503,2
155,fvo,L01,68768.0900,545507.991,201770.569,330.111,3.345,249.3608,0.0002,1.4351,3.135,-0.516,3.135,-0.516,2.418,-0.516,2.418,-0.516,3.135,-0.515,2
156,fvo,L01,68768.0900,545508.011,201770.596,333.624,3.921,306.4713,0.0003,1.4351,3.140,2.998,3.141,2.998,2.423,2.998,2.423,2.998,3.140,2.998,2
